state,1975,1976,1977,1978,1979,1980,1981,1982,1983,1984,1985,1986,1987,1988,1989,1990,1991,1992,1993,1994,1995,1996,1997,1998,1999,2000,2001,2002,2003,2004,2005,2006,2007,2008,2009,2010,2011,2012,2013,2014,2015,2016,2017,2018,2019,2020,2021,2022,2023,2024,2025,2026,2027,2028,2029,2030
AK,1322807.123,2543044.773,2895773.485,1941882.949,2341883.616,1547089.002,3583521.946,6471967.853,2332289.67,1483102.772,2628569.239,4710642.319,1588168.965,3432436.071,1799577.792,3127841.428,2076450.992,1413525.102,489161.8178,2113978.427,3012812.447,1556055.978,2280539.682,2156785.703,4420203.327,2651796.593,2708917.655,2661112.58,3039170.174,3443999.349,3481788.212,3628085.477,3783614.061,3751956.629,3525881.999,2646419.251,2273116.226,2446921.29,2455888.713,2708741.745,3088758.184,3397669.17,3680490.053,3868833.289,3982341.83,3958122.573,3949806.099,3911677.557,3862088.663,3821624.808,3812459.784,3770712.334,3734216.226,3711180.107,3694742.492,3696362.369
AL,22367165.59,27584038.88,18184047.18,22240008.14,29568988.16,66232121.82,37015204.18,42997915.67,94252816.02,38814997.72,16115705.72,33296418.36,21867346.81,31106310.41,13092836.8,22013093.7,16226789.35,21758711.98,12154936.44,35003290.93,30848152.65,9162398.826,24514772.51,18223358.27,70677892.96,36398674.13,29704963.05,26209719.82,27903872.37,29572304.61,30119542.22,31970180.68,32631853.4,33673587.59,33484150.12,26476311.38,21939823.9,22957334.13,19329066.76,20369500.53,22294233.98,23794448.75,25270096.78,26033410.45,26435313.43,26104824.11,25857719.45,25537848.66,25258862.23,25132190.69,25258391.06,25237176.61,25311840.56,25438304.6,25577546.84,25722272.28
AR,13129904.27,16026660.69,10625518.51,13019127.84,17371109.82,38890548.84,21662021.62,25131613.76,17455868.53,18249104.34,12018148.7,13750740.71,9219301.441,7593963.441,14672961.58,3163020.804,6116297.581,7425693.876,7141274.796,9461817.247,6362072.593,2627864.648,7909212.789,14214645.6,31463192.66,31293900.93,20173296.75,21800348.35,23323286.14,24855881.23,23801496.67,24845884.21,25484123.36,29009098.01,28542530.36,24150546.38,18754233.64,19849981.31,15191576.82,16233037.54,18194618.53,19773917.35,21188787.08,22015989.31,22426290.47,22117971.23,21886221.18,21526517.02,21132415.08,20827443.1,20665272.77,20366221.96,20127217,19971015.75,19859805.98,19835878.91
AZ,8034696.776,14879909.16,17407522.3,12067340.77,15325026.86,10464875.12,24062835.53,41598838.75,23449188.1,22378011.84,40205785.51,25436495.85,25520267.46,42515119.63,24665965.05,18862731.35,11756086.11,20364217.39,4313352.417,12394707.33,31397029.71,3577249.033,22377065.29,43837030.22,41930769.94,36426754.08,34886777.99,62530431.73,54099898.5,45633756.57,47050995.12,55618411.58,60067586.51,60157957.18,62712709.48,37497340.61,29681116.22,31430665.25,30926127.14,33871492,38663414.99,42736777.67,46488314.23,48930124.39,50473742.4,50453367.72,50743352.18,50755547.66,50588678.9,50585597.06,50854941.5,50639630.71,50497787.13,50598431.13,50861760.75,51473848.1
CA,75738150.49,139122971.4,160440505.2,109556527.6,135231534.5,91119222.98,207959487.5,357277928.6,121099238.3,74615031.47,130521950,234569999.6,81798783.78,180267120.9,96097037.71,169365052.7,110936962,74341500.89,25521278.95,110225100.6,157786435.6,81751161.23,120677086.7,114579340,236494227.8,143526293.1,147388273.8,144469180.7,165234478.8,185835610.9,187039594.8,193525267,201612797.9,199777272.5,186467111.6,138437184.6,118549831,134192681.6,134637134.5,148439838.7,169178863.2,185967865,201286693.7,211376025.1,217325771,215721761.4,214946289.9,212507328.6,209425247.3,206778646.1,205768808.8,203072282.6,200720498.4,199151763.6,197997521.9,197858915.3
CO,9094380.729,16694737.03,19352290.63,13273597.01,16567410.85,11126092.8,25499623.25,44070461.22,24750062.5,23128463.05,40523853.87,24892038.02,24208853.1,39233122.3,22307312.38,16939090.17,10522398.14,18219297.47,3846192.736,10919464.49,27250178.61,3077185.662,19128242.09,37278208.75,35593336.69,30542207.26,29278208.63,52033683.69,44462387.88,36935617.05,37323525.56,43545577.93,46785292.02,46837454.27,49158481.81,29518942.71,23428013.83,22180579.07,21488624.15,23173916.15,26047290.74,28352085.93,30371913.61,31483591.25,31987407.69,31495093.2,31202918.82,30746905.41,30192515.13,29746346.35,29466582.72,28921148.9,28435048.07,28100565.99,27867692.06,27832697.42
CT,20466073.54,7419517.288,2886021.045,7217228.559,9071875.44,5178691.533,10339699.83,14943351.52,8543375.569,13351299.3,20097620.28,12305674.68,16629800.02,8392365.272,10690367.69,1311990.313,2666017.388,5627632.204,16630127.25,11243528.96,4223192.392,588247.2323,24933029.55,10876472.36,3235734.824,54218437.32,9486617.257,24747036.75,23296886.55,21805364.22,22523061.51,25601298.56,22064697.45,23547005.14,18875117.22,15535495.71,14633548.43,16286029.1,14994819.52,15194948.8,16395788.12,17035470.91,17953490.11,18433338.94,18840616.9,18535594.76,18464834.73,18317132.86,18119554.23,17926297.71,17852109.38,17670070.71,17551367.69,17520382.97,17555207.84,17618899.11
DC,4297771.159,5112605.5,3257521.991,3859967.361,4971309.499,10857566.79,6016214.861,6946831.162,3200662.836,5974092.503,6176333.359,8834482.41,2017980.765,4829905.008,5712547.737,3738795.754,1940396.456,1985707.649,963047.8968,1632476.826,2120395.281,1142579.643,1906723.624,3199131.397,3450143.722,4389904.914,5278408.058,5617426.956,5417760.201,5241149.804,5034495.765,5371244.693,5734478.259,5594769.205,5345872.374,4154578.246,3434162.662,2932317.834,2617131.242,2770877.774,3071138.603,3289975.544,3471224.03,3543920.527,3544371.664,3429461.344,3330661.308,3216016.727,3100825.149,3002772.444,2930652.058,2838532.613,2757587.731,2690636.374,2631865.155,2586651.864
DE,3566457.369,4358381.814,2846745.826,3452084.87,4550425.852,10109244.75,5629695.493,6563151.434,3064145.798,5768313.406,6017980.313,8686241.925,2018034.626,4961602.11,6024685.56,4142815.343,2225797.843,2345929.306,1168766.509,2046919.554,2762706.892,1543377.12,2650557.586,4565105.886,5009276.3,6034659.27,7310695.858,7901129.307,7795476.705,7669453.638,7502440.501,8087423.069,8702978.544,8522516.763,8049391.066,6184369.527,5040888.851,5080975.315,4619947.597,4982591.435,5625211.457,6137359.397,6595455.083,6856292.316,6980537.287,6874116.684,6792611.41,6670874.583,6539123.825,6434800.505,6379539.385,6273531.143,6185164.481,6120652.45,6068730.852,6043629.655
FL,51791951.28,64008680.62,42598963.53,52828269.73,72091077.41,165777679.9,96282921.01,114705264.6,54403626.29,104129156.1,110485224.6,161493614.3,38010905.94,94282521.9,115663651.8,80609273.35,43467966.34,45904339.93,22914311.76,40341659.88,54562188.94,30623670.17,52949379.52,91467220.01,100454650.5,123149300.8,150283968.7,163569760.7,162047020,160767322.7,158384699.2,170987554.6,183372662.1,178644543.7,168372070,129515565.8,105901493.2,112646541.2,103436271.4,112704053.6,128615189,141907038.3,154288354.3,162352800.2,167414656.3,167044934.2,167337370.4,166684867.7,165813819.4,165677062,166862367.6,166708183.5,166990552,167902635.5,169165850.7,171199125.7
GA,30789543.61,37905867.97,25107168.87,30736583.02,41309677.89,92923329.04,52599667.35,61888615.94,28989943.42,55035594.55,58037097.28,84219779.98,19670241.6,48389621.53,58676044.08,40288218.68,21657217.93,22976257.82,11519473.66,20358645.88,27649716.3,15563944.36,26995476.67,46852740.93,51773694.3,63136667.1,76966261.12,83388012.73,82174248.7,80952249.39,79235873.78,86174433.68,93344236.64,91647886.24,86844618.7,66757386.7,54542469.05,55461984.71,50603471.75,54766354.52,62054307.29,67957410.35,73311887.73,76518864.48,78241044.27,77388420.81,76825421.54,75813828.51,74693680.36,73892074.38,73658606.55,72834610.86,72205115.75,71845395.15,71628266.03,71723486.24
HI,3116194.167,5734603.414,6591057.973,4469315.815,5543178.33,3713970.691,8376245.247,14305218.82,4835927.902,2967701.055,5132288.906,9103005.48,3144828.336,6838665.747,3600043.6,6292230.512,4126880.372,2768734.495,951711.9375,4131712.382,5914400.161,3046769.324,4454814.543,4173556.766,8458656.631,5124514.58,5240522.037,5135543.723,5864262.523,6652910.583,6748685.192,7036579.219,7317369.439,7270883.761,6794103.875,5054325.882,4324097.254,4698714.04,4696245.85,5154386.518,5843840.892,6385010.192,6866451.035,7164190.309,7318887.114,7218742.07,7147646.418,7023415.995,6880019.635,6753221.644,6681921.18,6557111.378,6444363.971,6357786.51,6285220.681,6245476.141
IA,16950791.56,13508411.59,18817721.56,21461684.36,17864938.7,8471743.143,18467750.01,24200705.94,16016954.58,11398511.32,42815133.76,27222870.91,9381405.002,20472886.23,8726942.374,20649168.16,9648224.208,18390058.08,12292853.28,15367987.13,9539534.288,4216776.462,13360890.25,23702418.39,29856035.32,34023672.21,15792161.81,9007188.76,16689733.6,24343868.1,23707123.09,24057107.27,24197976.06,24004179.11,23964669.28,19133962.54,16824801.62,16366978.33,15505039.25,16097589.16,17352705.92,18224388.95,19171276.91,19662564.57,19946936.34,19582773.55,19400318.85,19182320.58,18931523.63,18719586.38,18651071.74,18466248.77,18349977.17,18326492.32,18351319.85,18377391.52
ID,2925676.465,5435198.578,6341343.124,4369075.918,5422936.367,3634062.02,8239314.944,14016474.45,7755005.894,7229224.301,12554146.14,7613613.634,7313539.013,11853876.55,6771666.909,5187977.112,3246224.133,5615816.948,1189435.776,3393242.918,8492760.842,958579.625,5951075.066,11561346.96,10983905,9172217.469,8732231.363,15531890.14,13385453.23,11236485.16,11508695.69,13548370.64,14658349.68,14696852.96,15368235.02,9187342.092,7257090.276,7047466.043,6865554.674,7443296.302,8408419.623,9196479.369,9896849.257,10303318.42,10510868.43,10389245.48,10331056.74,10215476.92,10064756.29,9947531.058,9884579.76,9730141.26,9593499.125,9506470.722,9452177.286,9464186.829
IL,66440176.06,52779744.76,73540125.51,83936597.09,69829224.89,33221998.67,72674056.74,95719024.83,77589152.05,69238069.44,35357311.28,75503827.6,20935462.72,24235952.82,28155108.77,51567066.61,29398860.63,15273268.95,41869578.28,28597393.73,36079002.04,63242744.49,38402745.59,38746707.6,87011939.79,64237740.03,90420902.44,31107341.29,62112876.79,93122481.1,95778872.79,104235654.1,102119716.7,107015617.2,88901944.82,75975275.33,61792738.43,62122817.7,64054592.81,67742222.66,73969976.87,78867479.89,83602936.72,86474089.39,88051451.78,87031593.4,86484498.49,85589067.28,84618030.78,84028049.32,84267328.04,84076900.05,84088359.94,84401945.88,84725469.15,85146069.51
IN,31571958.18,25076115.25,35042247.16,40232087.13,33706081.47,15962536.83,34804640.71,45816798.14,37067076.22,33115957.44,16932132.24,36163760.08,10058664.58,11685275.85,13630424.95,25024948.24,14276579.88,7414858.157,20359815.43,13918689.01,17582178.57,30872208.08,18774920.88,18964788.28,42635848.35,31471983.06,44367220.19,15288404.48,30653936.66,46103537.89,47689404.36,52205966.85,51314565.1,53938380,44874307.79,38396040.16,31291507.86,30812045.68,31805366.12,33673306.36,36810032.05,39292295.48,41700842.39,43185133.76,44027308.64,43572657.4,43354427.35,42960163.11,42526792.76,42283317.92,42456245.92,42413116.72,42471334.46,42682935.51,42900117.22,43166723.08
KS,13418832.14,10706851.75,14988225.48,17178186.43,14404167.03,6872272.078,15145478.89,20120145.7,13478094.67,9665849.623,36728366.05,23719048.92,8290887.968,18207044.68,7789097.32,18427445.02,8625001.075,16549815.97,11103370.64,13954147.66,8686884.222,3846379.064,12246590.26,21860273.58,27615219.65,31289458.17,14554237.11,8329711.248,15447391.84,22536710.07,21954512.14,22284968.45,22459887.05,22343885.56,22383028.14,17937485.65,15775027.84,15316137.16,14542218.36,15134779.02,16356799.43,17225359.97,18172744.08,18694893.74,19025592.55,18740398.74,18630648.06,18488174.99,18315466.07,18181398.33,18188599.35,18081275,18039625.74,18088725.77,18185326.42,18283563.45
KY,21084013.34,26063598.25,17189755.2,20952330.85,27852444.89,62267078.1,34671253.93,40348974.43,88512072.32,36296946.66,14989146.32,30762547.58,20059610.69,28448217.98,11946331.32,20077815.72,14734064.74,19745880.69,10993028,31614980.73,27899315.91,8288204.424,22174303.07,16477989.19,64062152.39,33102710.95,27048704.24,23926863.48,25510206.69,27061817.58,27568413.59,29140286.63,29725626.53,30616633.23,30381554.76,24047215.44,19960043.89,21357635.84,18002128.43,18990044.64,20802936.79,22219821.09,23613037.45,24339493.45,24725773.12,24423994.31,24197319.65,23899849.39,23637296.33,23514304.52,23624888.55,23598739.18,23663229.74,23777191.32,23904288.3,24037558
LA,23627487.47,29175257.44,19309875.66,23614066.49,31644780,71539212.52,40460911.27,47679080.02,33274939.71,34617584.14,22765952.02,25985770.27,17098181.07,13902796.15,26595494.06,5668397.067,10941613.97,13246749.83,12624510.95,16627451.58,11102244.7,4551827.65,13635488.9,24432672.73,53915354.4,52244961.21,33561626.72,36232310.49,38698229.98,41150112.08,39168211.71,37885390.15,39144101.94,44762543.68,44256108.94,37563445.95,29202912.35,31613551.33,24102877.1,25655883.34,28642324.89,31003463.55,33086092.59,34235417.45,34728620.26,34108096.56,33610616.88,32922785.7,32190509.56,31600268.12,31233290.24,30661517.88,30183528.46,29832306.08,29550406.07,29400719.53
MA,38228275.01,13821162.38,5366835.727,13391462.78,16815078.15,9560617.323,19063470.02,27474049.66,15667604.6,24522504.76,36920931.63,22531728.74,30394952.47,15338298.95,19585677.31,2400819.221,4862955.67,10298961.28,30547627.7,20748623.57,7840768.669,1095709.433,46650356.66,20421141.74,6088062.355,101087825.6,17679820.06,45914529.41,42942405.14,39993811,41124466.5,46654823.16,40232361.99,42961896.83,34538847.66,28478644.8,26921770.83,30267071.27,27867841.59,28243139.75,30481327.75,31680973.88,33404566.92,34318927.22,35105391.14,34571197.61,34480051.18,34251442.03,33935415.1,33633092.87,33559672.68,33285180.37,33132372.5,33147636.08,33291020.74,33493161.19
MD,25165677.21,30651772.03,20056092.49,24281666.74,32053908.7,71727589.98,40258781.61,46915740.73,21829198.39,41173202.71,42954283.49,62105386.12,14465021.6,35685425.01,43265487.22,29705529.6,15883828.78,16664334.82,8258526.961,14405003.92,19322774.3,10734678.31,18365470.84,31474791.06,34379346.01,40757096.9,49381400.8,53320354.63,52378826.18,51205834.37,49643839.21,52964730.09,56439971.28,54815742.42,51726569.67,39768708.15,32387414.27,33938344.28,30875210.28,33322808.86,37657448.58,41133773.46,44263414.58,46084355.55,47002784.94,46371492.89,45914135.21,45189362.63,44401849.16,43805906.17,43548376.33,42947934.71,42469816.53,42158142.2,41938192.95,41909395.26
ME,7117446.393,2619076.957,1032156.926,2599556.912,3289413.673,1874215.536,3744274.584,5411213.2,3092701.556,4851937.369,7301246.382,4466610.176,6066357.689,3087778.159,3972047.189,491158.6864,1001539.194,2123463.087,6292881.926,4257801.843,1600450.173,223527.5743,9498806.612,4146287.357,1235364.676,20294658.23,3553001.503,9272476.766,8735576.919,8193556.955,8469772.852,9633759.927,8301246.037,8836216.106,7045908.749,5765722.822,5428004.181,6198465.681,5715170.856,5798839.674,6263866.895,6514457.223,6870987.331,7058859.44,7218028.729,7103626.186,7078176.698,7021970.655,6945845.253,6870869.698,6840950.896,6769191.958,6721579.466,6707184.248,6718303.875,6740165.232
MI,53648003.43,42479357.68,59232905.58,67794379.46,56775078.22,26929003.48,58485489.79,76378043.94,61532015.04,54903552.29,28150770.01,60522209.17,16885362.16,19613992.56,22833698.94,41942351.26,23942752.16,12431486.14,34025738.07,23218255.14,29324393.07,51529538.25,31285673.33,31525165.18,70765172.6,51416649.32,72339357.44,24874114.11,49672231.52,74375914.57,76343693.69,82736570,80445736.31,83507436.44,68788463.52,58431963.29,47421280.03,50224867.68,51811200.43,54811504.59,59861323.92,63826471.15,67650613.84,69953560.16,71196384.37,70326282.78,69826182.67,69031572.62,68164235.7,67592077.61,67674894.25,67409770.54,67303870.95,67436831.85,67574364.32,67786349.54
MN,23138765.11,18448162.77,25765869.25,29531851.76,24816572.08,11850667.89,26112382.64,34618235.35,23108350.11,16578521.13,63311468.64,41002569.31,14359005.46,31771167.1,13664218.14,32590385.91,15303960.46,29295851.67,19707219.51,24800351.29,15464965.01,6880321.123,21942362.81,39156376.13,49688816.32,57309142.94,26838063.17,15406574.57,28668524.49,41932945.07,40942089.16,41647677.87,42012293.07,41750568.62,41730203.84,33316856.85,29365497.08,29926816.26,28574194.69,29905315.07,32500478.65,34416643.94,36508760.29,37762518.46,38636278.49,38256439.71,38228521.56,38128781.96,37960298.62,37866710.81,38064475.21,38023201.92,38120897.78,38412907.34,38809956.84,39216065.94
MO,28291897.02,22516620.42,31409487.74,35960334.74,30098805.42,14295005.34,31322096.78,41304843.3,27584867.01,19838524.28,75657615.22,48977006.11,17144461.35,37580643.67,16051087.55,38080601.73,17828475.21,34027362.77,22828011.92,28684835.93,17879902.45,7946427.356,25309677.91,45047970.41,56897662.51,65133514.13,30384010.37,17419953.54,32389003.21,47372897.73,46305780.04,47125488.95,47501908.57,47136651.99,47102415.37,37618380.55,33023654.1,32433104.49,30843101.58,32150351.78,34801717.01,36708399.72,38789078.88,39968354.07,40741293.89,40195678.22,40025717.02,39787216.07,39483342.91,39264030.59,39351690.04,39195377.19,39185223.84,39377198.87,39677317.91,39987454.8
MS,14588634.57,17943772.37,11828957.66,14439304.84,19174014.08,42874166.66,23984226.73,28007294.75,61517103.01,25321761.54,10499395.52,21634973.81,14097357.3,19947401.11,8362934.817,14014328.25,10277948.28,13720885.91,7639962.675,22024636.45,19472455.33,5787198.461,15501328.02,11523359.47,44779482.13,23286667.58,18969342.91,16724049.03,17772215.37,18856719.03,19153043.27,20063308,20449552.72,21038336.09,20822472.42,16432748.38,13606405.67,14848199.51,12501407.78,13172000.92,14411824.97,15374023.81,16316852.79,16795941.19,17038957.71,16808143.45,16629635.66,16403172.62,16201711.99,16096531.35,16151484.32,16112388.94,16134355.67,16189662.63,16252853.63,16319213.47
MT,2631084.009,4803092.105,5526550.635,3753200.721,4577934.069,3028683.384,6810362.33,11573180.84,6429386.408,5989375.04,10385307.65,6256659.448,5977540.702,9623457.614,5445275.057,4100743.571,2524191.07,4330701.673,907169.3911,2554879.934,6331458.911,707535.8546,4319412.877,8260944.165,7746553.224,6379414.434,6000016.129,10564165.54,9028784.605,7508275.119,7575295.653,8788518.26,9395356.393,9352825.802,9728311.389,5793196.668,4570403.036,4428276.265,4279251.483,4601695.925,5155761.295,5591930.765,5966981.138,6159043.429,6228538.689,6101902.954,6012566.316,5890118.516,5748174.738,5626234.981,5534915.849,5392813.067,5261250.754,5157473.965,5071499.124,5020811.023
NC,33726867.56,41414870.24,27348234.02,33428139.66,44537943.87,100044439.4,56267700.07,65934078.65,30755206.15,58139230.41,60872375.05,87498953.65,20288796.92,49649531.46,60088786.91,41219837.11,22072145.02,23222272.48,11608567.1,20402157.83,27637657.96,15511796.55,26788408.17,46296301.43,50859964.62,62018643.62,75432676.05,81603721.72,80265488.44,78957349.36,77278350.66,83929269,91028587.78,89763852.27,85298523.25,65719321.21,53659978,54108216.52,49407231.2,53524889.54,60721046.04,66592084.9,71957384.53,75245949.09,77097693.86,76428793.95,76055312.14,75245243.52,74333089.83,73742858.04,73726420.56,73124473.78,72721740.49,72596884.54,72623840.51,72976193.38
ND,3759180.343,3004975.981,4196624.599,4790159.686,4000339.885,1897740.266,4188323.476,5605448.484,3775759.834,2713427.523,10243189.43,6528020.985,2241546.773,4846328.262,2035907.102,4734579.175,2192187.932,4163113.642,2777271.112,3474863.129,2154301.565,951663.7451,3000142.869,5283977.62,6593249.029,7457658.054,3442080.777,1958977.926,3623959.609,5313660.451,5166857.523,5238042.058,5267040.517,5232282.347,5254342.654,4231584.818,3757628.711,3449878.909,3263232.175,3382927.439,3641735.727,3819781.611,4013291.031,4111231.421,4165987.342,4085203.427,4042422.843,3992403.898,3935506.607,3886976.117,3868124.838,3824240.153,3793320.345,3780571.285,3776782.671,3772064.999
NE,9079640.332,7216587.107,10055083.32,11501984.63,9603227.339,4564183.426,10024687.35,13254046.96,8839982.199,6334571.331,23977094.66,15350402.77,5311295.062,11621445.34,4960581.484,11741765.86,5498815.865,10498449.51,7026319.967,8807443.677,5490764.478,2439131.863,7751620.804,13758814.69,17334901.18,19907516.59,9263286.558,5305320.665,9863187.747,14418312.53,14086919.96,14298007.29,14388992.31,14293795.63,14323181.87,11483509.34,10123756.05,9635607.517,9138287.489,9499651.559,10254975.7,10787571.93,11368289.9,11682566.95,11876893.65,11687297.41,11607792.04,11508728.71,11391438.35,11299297.37,11295660.79,11221733.96,11188761.34,11212340.97,11265425.83,11319609.07
NH,5501141.14,2033944.462,813473.9041,2081203.071,2663833.072,1534171.719,3095202.175,4511640.493,2588482.696,4101366.735,6257901.755,3912836.875,5399151.241,2776745.76,3596191.604,443504.6109,897461.5279,1912135.424,5703033.509,3897850.918,1481675.947,209002.8446,8949755.963,3941122.319,1184190.86,19703651.35,3469613.086,9080217.187,8557236.525,8046568.053,8339430.318,9522910.685,8210541.863,8739234.226,6974431.664,5718782.869,5387160.962,6393441.861,5926705.388,6046924.765,6569650.729,6873302.918,7294048.616,7541143.825,7761388.789,7689025.518,7713605.167,7705852.303,7676586.828,7649099.792,7672591.507,7649975.026,7655004.594,7699280.268,7774306.875,7864439.22
NJ,48718649.84,17661838.53,6862324.002,17160036.63,21585875.62,12273278.76,24479083.26,35375312.86,21647605.71,27496545.56,36274644.02,25887543.44,26535433.41,38892515.88,12281494.54,13473964,12500273.91,36165613.57,15975845.38,23816949.66,27531721.16,9842364.853,20617906.35,14735912.87,25194910.18,9565959.459,41204067.87,17481574.97,37014152.99,56630581.88,53166496.95,56238489.57,58198819.54,57926138.95,54879109.65,42851164.8,39912866.5,40407879.73,37658046.18,38711416.32,41427037.2,43464181.22,45749840.68,47043695.92,48161486.7,47716369.23,47733678.78,47629256.69,47357337.49,47240204.85,47322636.47,47236369.22,47085514.21,47304356.19,47582138.89,47909458.36
NM,4078959.474,7542803.641,8726166.581,5939523.367,7470259.445,5016020.808,11412268.62,19631896.85,11012953.64,10336457.25,18165460.52,11246600.22,10977915.37,17923218.08,10241102.96,7792783.76,4834160.687,8323756.097,1744330.609,4940862.612,12264691.17,1377008.776,8469368.484,16282090.43,15267461.22,12855235.87,12117576.77,21498849.25,18433730.12,15370081.62,15570168.8,18100579.05,19381466.37,19259609.32,20137201.79,12078286.95,9533773.217,9050939.972,8744982.063,9401911.052,10531069.14,11418858.88,12180452.1,12566213.59,12701440.97,12435720.4,12245813.01,11988978.51,11691687.69,11434630.68,11239552.04,10937478.49,10653567.99,10421504.59,10222035.83,10089249.93
NV,2180140.302,4103275.794,4868922.742,3451526.317,4450371.412,3081823.651,7258436.37,12689508.43,7124002.236,6748289.681,12010821.98,7539716.778,7598500.606,12928521.36,7745221.369,6247980.852,4015292.24,7007036.088,1490782.535,4352317.668,11122797.56,1288491.736,8236573.038,16378240.64,15876538.36,14249579.79,13881994.75,25189337.74,22078860.26,18941838.48,19598088.61,23271346.77,25332068.47,25418432.87,26542413.47,15812447.92,12469136.05,12782123.34,12593310.07,13807990.9,15775358.84,17448494.89,18987905.96,19987783.15,20614932.93,20597218.08,20699173.78,20681768.58,20584481.49,20546982.58,20612393.76,20476943.04,20367268.65,20351273.52,20396089.42,20575812.11
NY,119533056.9,43170837.46,16659810.65,41274336.09,51525408.49,29260053.11,58055166.9,83736396.78,51270777.84,64925389.07,85306216.34,60568588.13,61813788.84,90476208.06,28586154.32,31270449.84,28952505.16,83542028.18,36802556.08,54608815.12,62736155.36,22295422.19,46444772.96,33054244,56298481.24,21560719.8,92584600.54,39117602.06,82519238.13,125738528.5,117570146.6,124042416.2,128312291.8,127756944,121014476.5,94412339.67,88073705.68,86402164.17,80189104.96,82091397.56,87487255.43,91411362.6,95822866.78,98130477.54,100054630.6,98729188.25,98366905.4,97756218.22,96807230.37,96177621.77,95955893.7,95392351.09,94702086.96,94757213.87,94928196.88,95195999.53
OH,63372761.25,50033510.6,69568565.17,79398859.97,66161934.18,31393539.97,68513530.31,90135756.08,73024546.62,65146530.3,33295138.54,71147626.26,19775607.32,22977084.46,26722489.75,48931082.35,27863954.15,14449447.89,39528652.9,26917316.05,33864640.8,59190030.02,35848177.62,36075728.57,80758032.62,58706680.81,82448963.51,28331604.33,56566361.8,84708598.58,87069969.37,94650111.24,92504484.04,96675531.61,80093698.27,68243656.1,55433980.17,55488865.56,57114164.58,60292941.29,65714235.76,69932503.8,73988791.88,76379124.86,77615862.04,76559821.57,75918676.17,74969699.31,73954216.88,73271394.37,73309397.55,72973406.03,72812242.02,72912767.13,73021524.76,73214469.37
OK,16870054.9,20876057.05,13805001.74,16932242.5,22755111.97,51457919.65,29246965.92,35120322.13,24910138.01,25846565.06,16894962.29,19180026.79,12634755.36,10266345.15,19700460.7,4228083.414,8169467.532,9938279.574,9513366.376,12533306.98,8376868.335,3451178.827,10385541.59,18702016.72,41410952.19,40357291.26,25985878.57,28109834.24,30000410.68,31866465.03,30370001.36,31646317.31,32513014.32,37026155.84,36629155.14,31094938.41,24202632.79,24664404.27,18827641.5,20068520.16,22440241.77,24332862.23,26017486.39,26977234.83,27426321.21,26999990.51,26672125.7,26194349.15,25680582.26,25280459.15,25059269.43,24673797.08,24363092.99,24154333.65,24001835.98,23956108.06
OR,8192285.84,15083527.02,17561672.23,12081647.04,15048486.04,10137209.53,22845824.75,38360897.13,12668925.17,7698673.656,13193083.19,23225948.54,7953937.505,17360925.9,9178057.56,16164813.66,10646264.54,7160490.023,2486388.692,10865619.07,15738905.77,8218856.484,12148177.77,11506228.5,23661137.92,14483159.02,14824283.14,14555625.48,16626845.4,18646275.28,18862702.73,19721957.44,20702909.45,20568879.48,19214151.17,14229276.11,12177897.21,13380156.51,13435865.03,14828190.2,16920419.59,18625690.61,20192415.32,21243939.73,21886824.98,21775181.33,21750786.04,21561111.75,21308738.74,21103616.19,21068719.08,20860627.38,20686556.72,20592249.33,20540314.32,20592886.95
PA,79049802.39,28629001.31,11123864.67,27731778.79,34834986.99,19770860.82,39188382.89,56389119.92,34315176.45,43227673.79,56438073.96,40018386.43,40857383.58,59736930.16,18862346.14,20662327.63,19178778.55,55353398.25,24389373.53,36219734.42,41631105,14792512.96,30759495.69,21847243.13,37108297.58,13938463.24,59671167.59,25204587.97,53251491.38,81396889.59,76505356.5,81230094.25,84260888.7,83867917.04,79394413.9,61877495.53,57657427.82,56025956.11,52046848.87,53332186.12,56891707.37,59499456.18,62428292.54,63988826.54,65299882.66,64488442.53,64301415.82,63945525.09,63362432.14,62983173.38,62866469.83,62519279.69,62081398.83,62124429.94,62236664.24,62404542.1
RI,6259584.28,2276601.048,888733.2616,2221960.676,2784876.702,1578406.578,3149371.955,4542350.643,2583749.515,4038515.14,6083377.923,3730710.416,5067890.934,2555727.389,3258048.882,400750.1715,813909.3355,1719343.737,5071136.191,3417464.548,1279393.483,177869.421,7528819.655,3282667.21,976842.5535,16690390.29,2921405.06,7627097.958,7163182.033,6702218.669,6858579.85,7737582.827,6613992.008,7006517.431,5583596.123,4572762.685,4296433.676,5093627.791,4693721.427,4759953.225,5139361.178,5342798.105,5633385.185,5785917.769,5915461.755,5820559.503,5798841.628,5752244.182,5689032.435,5626370.007,5600125.848,5539800.493,5499120.555,5485432.108,5491932.999,5507072.046
SC,17644311.68,21738936.39,14390229.95,17669514.08,23634300.83,53099822.73,30031859.63,35136654.75,16367195.98,30860431.92,32151528,46268167.11,10710432.99,26140962.96,31637303.1,21666085.29,11642496.49,12238787,6072969.096,10593973.71,14231318.56,7936633.598,13667292.75,23557157.74,25831113.04,30882055.5,37348221.01,40259820.78,39551864.21,38872588.79,37906343.62,41016018.71,44367121.7,43669622.97,41431458.7,31866697.62,26002169.84,25490169.19,23156320.22,24954609.8,28157216.13,30708623.71,32994394.55,34300501.68,34933652.48,34417200.23,34033263.2,33454277.68,32832194.12,32354953.69,32130032.82,31651461.7,31262273.67,30994453.35,30791991.32,30727100.65
SD,4007224.605,3193860.399,4446645.044,5064337.621,4217477.14,2008371.542,4379346.413,5786648.629,3866821.594,2780224.787,10567319.55,6786621.537,2359873.384,5163095.857,2194501.925,5175104.132,2424632.117,4643161.704,3121707.663,3927176.18,2445447.993,1081700.386,3420994.65,6054287.059,7628195.991,8779788.409,4082547.312,2333025.792,4332575.759,6349606.032,6201718.094,6315708.102,6386902.426,6358636.734,6377158.845,5122220.248,4527634.594,4289477.333,4069926.464,4232385.975,4569587.558,4806853.883,5064558.908,5202870.796,5287017.743,5199208.951,5159579.63,5110373.797,5052423.807,5005000.403,4996378.025,4956923.01,4936193.778,4940763.441,4958870.475,4977850.214
TN,25995413.94,32102106.76,21274611.24,26038603.92,34878407.21,78091516.53,43713755.42,50893386.36,111637793.1,46033393.72,19128982.44,39528817.88,26048081.39,37279830.5,15770457.07,26591971.26,19621507.34,26356866.42,14742252.89,42694081.12,37928818.53,11347442.77,30519093.89,22753577.08,88690375.06,46630669.84,38236564.3,33907671.68,36233357.57,38580158.78,39487000.92,42052224.69,43126967.35,44587443.09,44378822.69,35171724.81,29251726.55,31473830.52,26649397.03,28242453.91,31086004.25,33364706.35,35633012.98,36915154.9,37694955.74,37431038.13,37282325.25,37024129.33,36820129.45,36834973.44,37219236.06,37389695.27,37704574.03,38099841.45,38518311.23,38948956.25
TX,76418485.06,95296826.35,63459648,78356602.64,106217986.4,242027893.9,139296581.2,167942475.5,119248779.7,125924222.9,84041371.29,97654002.23,65421894.51,54027887.89,105101002,22899290.8,44736800.92,54745901.72,53025356.72,70804484.2,47917680.47,19939583.88,60652046.83,110394926.6,247181682.1,244694248.1,159790346,174748483.9,188575561.7,202431541.7,194942290.3,205683408.3,213201760.4,245319202.5,244371205.6,208780069.3,163891221.2,173161063.1,133681904.6,144099559,162927814.8,178626756.9,193092633.9,202400358.4,207997768.1,206960941.7,206626036.2,205074348.1,203170493.1,202100829.6,202423167.6,201395463.1,200949161.6,201332344.5,202185952,203964293.5
UT,4346516.969,8085909.35,9471162.371,6560690.255,8258242.899,5624856.66,12976918.47,22431546.98,12597192.05,11836710.31,20748766.64,12785163.37,12459925.03,20316869.79,11616408.83,8868384.008,5536658.569,9591462.966,2026303.201,5768978.26,14410531.18,1632129.94,10152772.83,19729362.51,18689715.02,15843146.96,15107955.95,26939365.47,23171458.75,19388762.22,19804178.76,23297628.6,25299676.26,25508463.45,26925581.5,16232378.06,12899071.21,12035913.73,11720785.77,12705710.43,14356025.85,15709071.5,16918700.93,17633748.31,18016028.04,17839678.33,17777743.8,17622973.08,17411229.23,17262186.61,17210421.33,16998705.47,16816001.84,16717978.78,16675419.81,16747442.38
VA,30688129.32,37825009.49,24979292.85,30588516.97,40595058.27,90945374.16,51425996.63,60168717.28,28162020.09,53233280.16,55627997.41,80441571.54,18795162.29,46250344.23,56014081.84,38473941.68,20553547.71,21697648.55,10802152.88,18887552.48,25391340.49,14148683.52,24279317.22,41654276.65,45688890.54,54530336.66,66136862.38,71417439.54,70206463.29,69009832.51,67262355.13,72225034.09,77380973.99,75532373.36,71545161.06,55155486.4,44992289.83,46136927.7,42017274.83,45395928.84,51356373.06,56159906.76,60503454.09,63070892.54,64413932.13,63640615.64,63111719.85,62219954.06,61244940.61,60537548,60301108.29,59590207.33,59048170.9,58737123.06,58553362.99,58636554.68
VT,3185025.64,1166896.13,460094.3373,1162807.318,1480876.856,852327.6202,1703856.384,2471231.646,1413746.064,2211183.752,3327712.038,2038639.113,2766777.651,1410109.47,1815827.327,225186.9969,459766.8846,979664.2666,2917118.429,1991490.164,753803.886,105575.9945,4490481.559,1962809.018,585364.7313,9687777.167,1691874.29,4403431.931,4131107.83,3866481.103,3989688.966,4533624.849,3900160.644,4145130.261,3311098.584,2718591.12,2560081.922,2988364.299,2759741.216,2805193.78,3036005.332,3163996.962,3344521.831,3443812.804,3530112.686,3482996.423,3479490.593,3461357.977,3433566.159,3406269.924,3401549.682,3375781.447,3361555.19,3364084.329,3379227.678,3400263.202
WA,12734489.79,23425790.03,27103643.37,18658001.28,23361282.36,15908416.55,36270397.68,61559914.83,20534637.35,12540516.2,21720320.85,38538314.33,13345641.41,29384936.61,15610389.06,27713448.65,18286777.51,12373454.49,4299843.429,18776897.12,27210098.54,14173509.24,20991160.05,19940401.56,41072293.85,24959234.19,25586980.89,25074037.56,28610493.06,32276203.89,32666229.04,34227110.89,35937309.17,35815007.67,33636751.32,24998794.16,21482058.29,23113526.54,23226865.87,25656842.85,29307118.1,32298765.03,35061949.94,36940011.62,38117175.06,37986192.61,38012471.53,37754466.06,37389905.66,37111891.28,37138091.17,36858266.34,36638364.65,36560020.44,36557200.61,36742359.29
WI,26942575.3,21385328.72,29880992.26,34170988.9,28691913.59,13681769.46,30015622.84,39624135.5,32109581.46,28730936.5,14725537.93,31532384.1,8781176.549,10261043.92,11984222.77,22084029.84,12621649,6569476.36,18050854.64,12343778.65,15594361.92,27374466.67,16625996.09,16764200.53,37668004.13,27763316.77,39147459.92,13523113.28,27104881.99,40785467.85,42126059.79,45981697.77,45130497.86,47358034.75,39385585.6,33666065.11,27425493.5,27696403.39,28631676.06,30355025.09,33224431.41,35504249.69,37716815.17,39090091.83,39876993.17,39482644.86,39295215.32,38941497.69,38545723.87,38316160.78,38458134.24,38401806.67,38434192.63,38602519.63,38773524.54,38987388.5
WV,11200868.22,13880148.46,9178059.117,11163400.64,14853494.16,33161985.89,18459034.48,21356236.33,9843705.904,18182140,18559991.29,26054199.66,5885373.273,14021757.45,16534179.8,11098981.39,5881683.76,6136980.541,3034689.145,5254402.412,7002532.018,3861113.127,6547161.109,11115341.32,12011871.47,13867154.68,16551585.07,17694564.62,17270967.78,16768219.45,16160602.16,17204292.12,18309989.69,17744693.05,16679335.2,12742886.37,10310134.33,10296523.29,9267141.497,9892885.622,11056069.86,11940827.62,12703431.17,13074423.58,13181327.11,12853964.25,12578504.89,12234574.56,11879477.52,11581024.8,11374896.44,11081064.33,10820578.44,10604077.39,10410899.48,10264862.59
WY,1342235.863,2517567.963,2966962.673,2076761.119,2642066.958,1807750.809,4210510.484,7289503.523,4030811.119,3683753.297,6310786.926,3810812.671,3541434.274,5593437.357,3121385.867,2324612.96,1430264.64,2440604.8,506613.3346,1419451.788,3487842.014,387469.3731,2359665.329,4508784.709,4208598.55,3489089.135,3272411.91,5794069.939,4942823.414,4110183.786,4143051.804,4821567.173,5209204.303,5230404.141,5535065.539,3300064.983,2601396.163,2362036.325,2275364.643,2438987.231,2723659.533,2944300.991,3130882.783,3220177.456,3245040.852,3167773.832,3110375.354,3036231.329,2952476.53,2879490.676,2822613.033,2740139.056,2663576.448,2601301.311,2548325.711,2512952.2
